iteration,MSE_trg,MSE_val,MSE_tst,acc_trg,acc_val,acc_tst,f1_trg,f1_val,f1_tst,elapsed
0,0.20742804453,0.205021784081,0.206181140513,0.164570230608,0.192468619247,0.180602006689,0.0953461975028,0.102325581395,0.0754716981132,0.00212031700001
10,0.207635014728,0.205107725735,0.206782097443,0.167714884696,0.18410041841,0.180602006689,0.0997732426304,0.101382488479,0.0754716981132,0.026325104
20,0.209099855443,0.207214906057,0.207726872763,0.171907756813,0.200836820084,0.207357859532,0.102272727273,0.103286384977,0.0919540229885,0.047019649
30,0.206282284608,0.204342091394,0.204632238907,0.170859538784,0.196652719665,0.190635451505,0.102156640182,0.102803738318,0.0902255639098,0.067509379
40,0.20828656478,0.206673131143,0.206315745744,0.159329140461,0.18410041841,0.183946488294,0.100896860987,0.101382488479,0.0962962962963,0.089943946
50,0.218858110463,0.21585213889,0.215953335182,0.139412997904,0.154811715481,0.150501672241,0.0987925356751,0.0982142857143,0.0928571428571,0.112458608
60,0.2161629369,0.211586633288,0.213190147892,0.162473794549,0.196652719665,0.177257525084,0.101237345332,0.102803738318,0.0955882352941,0.13301814
70,0.218805175727,0.215245042634,0.216294529647,0.162473794549,0.209205020921,0.167224080268,0.101237345332,0.112676056338,0.0945454545455,0.159247215
80,0.210873886571,0.208808259763,0.209186686367,0.190775681342,0.225941422594,0.177257525084,0.0981308411215,0.106280193237,0.0820895522388,0.185048911
90,0.211389232893,0.208730989493,0.210528069895,0.182389937107,0.213389121339,0.163879598662,0.0993071593533,0.104761904762,0.0875912408759,0.206399791
100,0.208776631449,0.205429817627,0.20848691899,0.17819706499,0.213389121339,0.180602006689,0.0967741935484,0.104761904762,0.0959409594096,0.227490099
110,0.205125864639,0.200915986886,0.205247182525,0.184486373166,0.217573221757,0.197324414716,0.101616628176,0.105263157895,0.0977443609023,0.252692857
120,0.204832306649,0.200641239822,0.204936230186,0.184486373166,0.217573221757,0.200668896321,0.101616628176,0.105263157895,0.0981132075472,0.27347811
130,0.203598296495,0.199199627282,0.202509595445,0.19392033543,0.225941422594,0.1872909699,0.10268378063,0.106280193237,0.0830188679245,0.296055754
140,0.203568770992,0.199651043439,0.202282620681,0.191823899371,0.230125523013,0.1872909699,0.104529616725,0.115384615385,0.0830188679245,0.319164079
150,0.193840197631,0.189796513961,0.193830142065,0.223270440252,0.259414225941,0.220735785953,0.108303249097,0.119402985075,0.0862745098039,0.3400469
160,0.192455029832,0.187561151674,0.192518122336,0.238993710692,0.267782426778,0.23745819398,0.110294117647,0.120603015075,0.088,0.363385367
170,0.188977063807,0.183803530783,0.189773584561,0.254716981132,0.284518828452,0.257525083612,0.11013767209,0.123076923077,0.0901639344262,0.38923839
180,0.164543488442,0.158658953775,0.167055924447,0.340670859539,0.384937238494,0.33779264214,0.115330520394,0.119760479042,0.0917431192661,0.411458731
190,0.147510574684,0.145337931516,0.150719376618,0.38784067086,0.414225941423,0.374581939799,0.109756097561,0.102564102564,0.0696517412935,0.432935449
200,0.146323380409,0.143801459361,0.149653900911,0.393081761006,0.426778242678,0.377926421405,0.107858243451,0.127388535032,0.07,0.456666645
210,0.151327466922,0.149004021366,0.155210837552,0.362683438155,0.393305439331,0.354515050167,0.103244837758,0.0993788819876,0.0765550239234,0.478720525
220,0.145771662258,0.142829294644,0.148948341285,0.398322851153,0.439330543933,0.411371237458,0.103125,0.0945945945946,0.0833333333333,0.499022754
230,0.141281431379,0.138343671753,0.143741649218,0.433962264151,0.44769874477,0.441471571906,0.114754098361,0.0958904109589,0.0874316939891,0.523402631
240,0.140591777257,0.137683760346,0.14394960729,0.439203354298,0.464435146444,0.441471571906,0.112769485904,0.0985915492958,0.0773480662983,0.544444099
250,0.138035314664,0.135109788691,0.141812473762,0.457023060797,0.476987447699,0.441471571906,0.116040955631,0.10071942446,0.0773480662983,0.565494368
260,0.107255944131,0.103537415276,0.109904732107,0.696016771488,0.715481171548,0.702341137124,0.161849710983,0.15,0.135922330097,0.590951996
270,0.106145960074,0.102480631841,0.108928085462,0.706498951782,0.73640167364,0.709030100334,0.176470588235,0.16,0.138613861386,0.612130213
280,0.101635974312,0.0989463537749,0.105652279662,0.744234800839,0.761506276151,0.722408026756,0.212903225806,0.173913043478,0.161616161616,0.634958823
290,0.100253023012,0.0970055357598,0.10484683498,0.750524109015,0.774058577406,0.732441471572,0.222222222222,0.205882352941,0.166666666667,0.657358939
300,0.0897497646795,0.0866785968021,0.0947422321264,0.824947589099,0.828451882845,0.789297658863,0.289361702128,0.22641509434,0.20253164557,0.684397073
310,0.0886629012926,0.0858044739249,0.0940000842161,0.828092243187,0.836820083682,0.789297658863,0.286956521739,0.235294117647,0.20253164557,0.706411378
320,0.0882880071909,0.0853540775753,0.0933231105331,0.825995807128,0.832635983264,0.789297658863,0.284482758621,0.230769230769,0.20253164557,0.728933303
330,0.0847279528038,0.0817450716426,0.0867468072363,0.848008385744,0.845188284519,0.816053511706,0.232804232804,0.177777777778,0.179104477612,0.75149708
340,0.0812185654631,0.0788479866493,0.0841802787677,0.853249475891,0.866108786611,0.839464882943,0.270833333333,0.272727272727,0.225806451613,0.772210616
350,0.084530241488,0.0812499183091,0.0864500038323,0.820754716981,0.832635983264,0.816053511706,0.233183856502,0.2,0.202898550725,0.795146013
360,0.0783599176481,0.0756893943222,0.0809054629234,0.87106918239,0.870292887029,0.846153846154,0.280701754386,0.243902439024,0.206896551724,0.816291269
370,0.077364454348,0.0753165249297,0.0803933669515,0.874213836478,0.870292887029,0.866220735786,0.310344827586,0.279069767442,0.259259259259,0.837195604
380,0.0741714425942,0.0720462094898,0.0772824452638,0.881551362683,0.874476987448,0.869565217391,0.354285714286,0.285714285714,0.264150943396,0.861905672
390,0.0707597327301,0.0683318160433,0.0740343943171,0.894129979036,0.887029288703,0.876254180602,0.387878787879,0.307692307692,0.301886792453,0.883092907
400,0.0702391341274,0.0676772120278,0.073598601776,0.881551362683,0.882845188285,0.872909698997,0.361581920904,0.3,0.296296296296,0.905027124
410,0.0701947737377,0.0679838729645,0.0735436897463,0.878406708595,0.878661087866,0.866220735786,0.348314606742,0.292682926829,0.285714285714,0.932705806
420,0.0685386909031,0.0662824841725,0.0718013964892,0.884696016771,0.882845188285,0.869565217391,0.367816091954,0.3,0.290909090909,0.959211877
430,0.0624571021515,0.0604961021845,0.0655782474524,0.889937106918,0.89539748954,0.899665551839,0.406779661017,0.358974358974,0.4,0.985132081
440,0.0591740266882,0.0568468035403,0.0626223502162,0.905660377358,0.912133891213,0.892976588629,0.415584415584,0.363636363636,0.304347826087,1.006013501
450,0.0553886048604,0.0528550913832,0.0594248894591,0.912997903564,0.912133891213,0.90635451505,0.43537414966,0.363636363636,0.391304347826,1.029355866
460,0.0466938214389,0.0405118877444,0.0441637484402,0.939203354298,0.958158995816,0.939799331104,0.292682926829,0.375,0.25,1.050294851
470,0.0435709477146,0.0378147696698,0.0411244466786,0.948637316562,0.966527196653,0.94983277592,0.346666666667,0.5,0.285714285714,1.073924515
480,0.0435614542174,0.038925348093,0.042619415186,0.946540880503,0.962343096234,0.943143812709,0.426966292135,0.470588235294,0.37037037037,1.095821079
490,0.041951642782,0.0365037454787,0.0404071052869,0.952830188679,0.970711297071,0.94983277592,0.4,0.588235294118,0.347826086957,1.116705342
500,0.040521178055,0.0355990241136,0.0399368166645,0.960167714885,0.970711297071,0.94983277592,0.525,0.588235294118,0.4,1.13923332
510,0.0395014096341,0.034364626307,0.039060001553,0.960167714885,0.970711297071,0.953177257525,0.525,0.588235294118,0.416666666667,1.164375303
520,0.0395378856285,0.0343477901382,0.0390554128179,0.959119496855,0.970711297071,0.953177257525,0.506329113924,0.588235294118,0.416666666667,1.186238874
530,0.0388187372548,0.033886237282,0.0383654919493,0.959119496855,0.970711297071,0.94983277592,0.506329113924,0.588235294118,0.347826086957,1.208728274
540,0.0376308737982,0.0328226344411,0.0370115883781,0.960167714885,0.970711297071,0.953177257525,0.512820512821,0.588235294118,0.363636363636,1.232797935
550,0.0359056224482,0.0306913437693,0.0353449464126,0.964360587002,0.970711297071,0.95652173913,0.575,0.588235294118,0.434782608696,1.253269378
560,0.0358994658056,0.0306965055068,0.0353443767833,0.964360587002,0.970711297071,0.95652173913,0.575,0.588235294118,0.434782608696,1.276507783
570,0.0346003781593,0.0294581285389,0.0337931243033,0.965408805031,0.970711297071,0.95652173913,0.582278481013,0.588235294118,0.434782608696,1.300405345
580,0.0314214037313,0.0265270755248,0.0302947750339,0.964360587002,0.970711297071,0.95652173913,0.552631578947,0.588235294118,0.434782608696,1.320729436
590,0.0302264798195,0.0251915917449,0.0293151421379,0.969601677149,0.970711297071,0.95652173913,0.632911392405,0.588235294118,0.434782608696,1.345229115
600,0.0298465593513,0.0250105326481,0.0294511231041,0.970649895178,0.970711297071,0.95652173913,0.641025641026,0.588235294118,0.380952380952,1.368572763
610,0.0288670674521,0.024254013778,0.0280778591438,0.969601677149,0.970711297071,0.959866220736,0.623376623377,0.588235294118,0.4,1.388979309
620,0.0278347666882,0.0234481209262,0.0273713225001,0.969601677149,0.970711297071,0.959866220736,0.623376623377,0.588235294118,0.4,1.413899855
630,0.0274688815809,0.022871119408,0.0265042608794,0.968553459119,0.97489539749,0.959866220736,0.594594594595,0.666666666667,0.4,1.439347411
640,0.0279429530487,0.024115297821,0.0269937314325,0.963312368973,0.970711297071,0.95652173913,0.492753623188,0.588235294118,0.315789473684,1.460369657
650,0.0267605463072,0.0223483738211,0.0263943302454,0.970649895178,0.970711297071,0.959866220736,0.641025641026,0.588235294118,0.4,1.482030484
660,0.027639820475,0.022657073485,0.0265677236313,0.965408805031,0.970711297071,0.959866220736,0.547945205479,0.588235294118,0.4,1.508065912
670,0.0259272966984,0.0213813045384,0.0258098199106,0.974842767296,0.97489539749,0.959866220736,0.692307692308,0.666666666667,0.4,1.528584774
680,0.0218058530644,0.0172352500657,0.0214948482192,0.974842767296,0.979079497908,0.959866220736,0.684210526316,0.736842105263,0.4,1.549498669
690,0.0205715688032,0.0159179215123,0.0202855416322,0.972746331237,0.979079497908,0.959866220736,0.648648648649,0.736842105263,0.4,1.575000936
700,0.020158518031,0.0158803742711,0.0202366065585,0.977987421384,0.979079497908,0.959866220736,0.704225352113,0.736842105263,0.4,1.59552628
710,0.0197637854155,0.0157387907669,0.0202867450865,0.977987421384,0.979079497908,0.959866220736,0.704225352113,0.736842105263,0.4,1.616874117
720,0.0184318121975,0.0144643095843,0.0189062795228,0.977987421384,0.979079497908,0.963210702341,0.704225352113,0.736842105263,0.47619047619,1.639545842
730,0.01795235406,0.0139954393751,0.018629068497,0.979035639413,0.979079497908,0.966555183946,0.722222222222,0.736842105263,0.5,1.660730107
740,0.0173273650142,0.0134732686919,0.0177815262824,0.980083857442,0.983263598326,0.969899665552,0.739726027397,0.8,0.526315789474,1.681945757
750,0.0171348021014,0.0134164107853,0.0175772157944,0.980083857442,0.983263598326,0.969899665552,0.739726027397,0.8,0.526315789474,1.709724034
760,0.0176096983074,0.0137185114014,0.0184175829285,0.976939203354,0.979079497908,0.963210702341,0.685714285714,0.736842105263,0.352941176471,1.730487501
770,0.0166453427596,0.0129266543187,0.0167864557054,0.979035639413,0.979079497908,0.963210702341,0.722222222222,0.736842105263,0.352941176471,1.751765925
780,0.0162114967442,0.0125117123272,0.016059359146,0.980083857442,0.987447698745,0.973244147157,0.739726027397,0.857142857143,0.6,1.780086007
790,0.0159801782608,0.0125372213482,0.0153010090786,0.981132075472,0.987447698745,0.973244147157,0.756756756757,0.857142857143,0.6,1.800915142
800,0.0146527607148,0.0110265232415,0.0141964234013,0.981132075472,0.987447698745,0.973244147157,0.756756756757,0.857142857143,0.6,1.828117994
810,0.0143659500005,0.0108464456755,0.0137819725679,0.981132075472,0.987447698745,0.973244147157,0.756756756757,0.857142857143,0.6,1.850049387
820,0.0142088079203,0.0107814557384,0.0138866954979,0.980083857442,0.987447698745,0.973244147157,0.739726027397,0.857142857143,0.6,1.871149222
830,0.013535027444,0.0104712381059,0.0135867654039,0.980083857442,0.987447698745,0.973244147157,0.739726027397,0.857142857143,0.6,1.899161695
840,0.0126804961027,0.0100466130882,0.0135940560339,0.981132075472,0.987447698745,0.973244147157,0.756756756757,0.857142857143,0.6,1.923179534
850,0.0124468151736,0.00971581518262,0.0133848904251,0.982180293501,0.987447698745,0.973244147157,0.773333333333,0.857142857143,0.6,1.945434837
860,0.0117529416615,0.00975637406219,0.0132583349441,0.982180293501,0.987447698745,0.973244147157,0.773333333333,0.857142857143,0.6,1.967498971
870,0.0113468688164,0.00945111796005,0.0128434379368,0.982180293501,0.987447698745,0.973244147157,0.773333333333,0.857142857143,0.6,1.99126665
880,0.0102372153063,0.0093901540072,0.0124739434215,0.985324947589,0.987447698745,0.973244147157,0.825,0.857142857143,0.6,2.012511375
890,0.0101878065057,0.00925178590447,0.0122719171714,0.985324947589,0.987447698745,0.973244147157,0.825,0.857142857143,0.6,2.033482176
900,0.00995712914375,0.00894545467296,0.0118377925961,0.985324947589,0.987447698745,0.973244147157,0.825,0.857142857143,0.6,2.057162729
910,0.0104556895304,0.00987339968749,0.0117060450114,0.98322851153,0.979079497908,0.973244147157,0.789473684211,0.736842105263,0.6,2.078477177
920,0.00920892274833,0.00877343208932,0.0115463812499,0.98427672956,0.983263598326,0.973244147157,0.805194805195,0.8,0.6,2.101264512
930,0.008456216264,0.00819055950531,0.0111808704697,0.987421383648,0.987447698745,0.973244147157,0.85,0.857142857143,0.6,2.128073962
940,0.00801582630776,0.00782396586821,0.0108830528107,0.986373165618,0.987447698745,0.973244147157,0.835443037975,0.857142857143,0.6,2.149331654
950,0.00772918566824,0.0072091294945,0.0102081465511,0.986373165618,0.987447698745,0.973244147157,0.83950617284,0.857142857143,0.6,2.172048507
960,0.00723962732641,0.00649518998242,0.00934709166745,0.987421383648,0.991631799163,0.979933110368,0.85,0.909090909091,0.727272727273,2.204784989
970,0.00713191950751,0.0064014411903,0.00896449373151,0.987421383648,0.991631799163,0.979933110368,0.85,0.909090909091,0.727272727273,2.23039785
980,0.0073993378985,0.00672257132454,0.0091769753304,0.987421383648,0.991631799163,0.979933110368,0.85,0.909090909091,0.727272727273,2.251323354
990,0.00688763236012,0.00635278752084,0.00887220245166,0.987421383648,0.991631799163,0.976588628763,0.85,0.909090909091,0.666666666667,2.276772233
1000,0.00675611272709,0.0063385071672,0.00895502530266,0.987421383648,0.991631799163,0.973244147157,0.85,0.909090909091,0.6,2.300638916
1010,0.00658635392233,0.00598825450454,0.0081687987549,0.987421383648,0.991631799163,0.979933110368,0.853658536585,0.909090909091,0.727272727273,2.321690742
1020,0.00630707426473,0.00585470439107,0.0080103251769,0.988469601677,0.991631799163,0.979933110368,0.864197530864,0.909090909091,0.727272727273,2.343457494
1030,0.0062540797847,0.00585689751597,0.00798600343326,0.988469601677,0.991631799163,0.979933110368,0.864197530864,0.909090909091,0.727272727273,2.36524477
1040,0.00587237592189,0.00555713527841,0.00821941805036,0.988469601677,0.991631799163,0.976588628763,0.864197530864,0.909090909091,0.666666666667,2.386110547
1050,0.00565624363504,0.00544403192682,0.00807568596775,0.988469601677,0.991631799163,0.976588628763,0.864197530864,0.909090909091,0.666666666667,2.41172757
1060,0.00566118543048,0.00543242923146,0.00802831882809,0.988469601677,0.991631799163,0.979933110368,0.864197530864,0.909090909091,0.727272727273,2.432309776
1070,0.00533982486601,0.00528704776276,0.00789363760588,0.988469601677,0.991631799163,0.983277591973,0.864197530864,0.909090909091,0.782608695652,2.452807177
1080,0.00513886179585,0.0052082634869,0.00770488348987,0.989517819706,0.991631799163,0.983277591973,0.878048780488,0.909090909091,0.782608695652,2.479362993
1090,0.00512039470508,0.00522434332797,0.00739180405013,0.989517819706,0.991631799163,0.983277591973,0.878048780488,0.909090909091,0.782608695652,2.500522714
1100,0.00503453361549,0.00516962405267,0.00756229851212,0.989517819706,0.991631799163,0.983277591973,0.878048780488,0.909090909091,0.782608695652,2.520575336
1110,0.00488529250897,0.00511938076815,0.00749901201414,0.989517819706,0.991631799163,0.983277591973,0.878048780488,0.909090909091,0.782608695652,2.544087974
1120,0.00493986243116,0.00514571671817,0.00782573303067,0.989517819706,0.991631799163,0.979933110368,0.878048780488,0.909090909091,0.727272727273,2.564405003
1130,0.00481902053907,0.00514525968334,0.0077328859582,0.989517819706,0.991631799163,0.983277591973,0.878048780488,0.909090909091,0.782608695652,2.58499703
1140,0.00471331914153,0.00501835348801,0.00767048267968,0.990566037736,0.991631799163,0.979933110368,0.89156626506,0.909090909091,0.727272727273,2.606875215
1150,0.00474502650627,0.0050291932208,0.00774811349162,0.990566037736,0.991631799163,0.979933110368,0.89156626506,0.909090909091,0.727272727273,2.626903187
1160,0.00449648492326,0.00504266486616,0.00676988629281,0.991614255765,0.991631799163,0.983277591973,0.904761904762,0.909090909091,0.782608695652,2.649677022
1170,0.0044758196158,0.00506434630776,0.00678739392148,0.991614255765,0.991631799163,0.983277591973,0.904761904762,0.909090909091,0.782608695652,2.672520013
1180,0.00446726656758,0.0051467815815,0.00689808223523,0.991614255765,0.991631799163,0.983277591973,0.904761904762,0.909090909091,0.782608695652,2.693817345
1190,0.00424182553558,0.00490076868774,0.00662072766653,0.991614255765,0.991631799163,0.983277591973,0.904761904762,0.909090909091,0.782608695652,2.715462321
1200,0.00432547517639,0.00510180368225,0.007182335752,0.990566037736,0.991631799163,0.983277591973,0.89156626506,0.909090909091,0.782608695652,2.738274348
1210,0.00422510802562,0.0049524734925,0.00668927980719,0.991614255765,0.991631799163,0.983277591973,0.904761904762,0.909090909091,0.782608695652,2.758308282
1220,0.00417008320617,0.00496508546972,0.00659551332094,0.991614255765,0.991631799163,0.983277591973,0.904761904762,0.909090909091,0.782608695652,2.786144184
1230,0.00405900582989,0.00476952658691,0.00635903424286,0.991614255765,0.991631799163,0.986622073579,0.904761904762,0.909090909091,0.833333333333,2.806549625
1240,0.00401118602806,0.00473728038294,0.00632055937266,0.992662473795,0.991631799163,0.986622073579,0.917647058824,0.909090909091,0.833333333333,2.827109338
1250,0.00387532232085,0.00465664768687,0.0062730479838,0.992662473795,0.991631799163,0.986622073579,0.917647058824,0.909090909091,0.833333333333,2.848654969
1260,0.0038748911693,0.0046652537858,0.00620979447748,0.992662473795,0.991631799163,0.986622073579,0.917647058824,0.909090909091,0.833333333333,2.868869421
1270,0.00375230745111,0.00455066918321,0.00612297101236,0.992662473795,0.991631799163,0.986622073579,0.917647058824,0.909090909091,0.833333333333,2.889957312
1280,0.00368746956667,0.0045272010171,0.00607858190059,0.992662473795,0.991631799163,0.986622073579,0.917647058824,0.909090909091,0.833333333333,2.915569325
1290,0.00367758299631,0.00452766400277,0.00601509670111,0.992662473795,0.991631799163,0.986622073579,0.917647058824,0.909090909091,0.833333333333,2.935895992
1300,0.00366930073971,0.00450192721467,0.00607955997379,0.992662473795,0.991631799163,0.986622073579,0.917647058824,0.909090909091,0.833333333333,2.958851349
1310,0.00361861628293,0.00448577036998,0.00594289833929,0.992662473795,0.991631799163,0.986622073579,0.917647058824,0.909090909091,0.833333333333,2.979866849
1320,0.00378103753094,0.00437334839782,0.00642292134443,0.992662473795,0.991631799163,0.986622073579,0.917647058824,0.909090909091,0.833333333333,3.000513594
1330,0.00351833042586,0.00445432499939,0.00577983226766,0.992662473795,0.991631799163,0.989966555184,0.917647058824,0.909090909091,0.88,3.023093444
1340,0.00347595489858,0.0044348183565,0.00557091938388,0.992662473795,0.991631799163,0.989966555184,0.917647058824,0.909090909091,0.88,3.046443267
1350,0.00338831112664,0.00438473273565,0.00538330175556,0.992662473795,0.991631799163,0.989966555184,0.917647058824,0.909090909091,0.88,3.066440207
1360,0.00331870840873,0.00436578947929,0.00543744781803,0.992662473795,0.991631799163,0.989966555184,0.917647058824,0.909090909091,0.88,3.093729962
1370,0.00330458515214,0.00433508398539,0.00549409244475,0.992662473795,0.991631799163,0.989966555184,0.917647058824,0.909090909091,0.88,3.117358964
1380,0.00321629969789,0.00430643714373,0.00528184534001,0.992662473795,0.991631799163,0.989966555184,0.917647058824,0.909090909091,0.88,3.137579617
1390,0.00324950002377,0.00427002362413,0.00498770073082,0.992662473795,0.991631799163,0.989966555184,0.917647058824,0.909090909091,0.88,3.166735237
1400,0.0031512151956,0.00426465185139,0.00498184530661,0.992662473795,0.991631799163,0.989966555184,0.917647058824,0.909090909091,0.88,3.189023788
1410,0.00313444651185,0.0042684712404,0.00492888016099,0.992662473795,0.991631799163,0.989966555184,0.917647058824,0.909090909091,0.88,3.209111827
1420,0.00313812953177,0.00427975021565,0.00506573671544,0.992662473795,0.991631799163,0.989966555184,0.917647058824,0.909090909091,0.88,3.230625943
1430,0.0031143098019,0.00428326424512,0.00502863490253,0.992662473795,0.991631799163,0.989966555184,0.917647058824,0.909090909091,0.88,3.2515087
1440,0.00310516897708,0.00428082174217,0.00499530247609,0.992662473795,0.991631799163,0.989966555184,0.917647058824,0.909090909091,0.88,3.271684043
1450,0.0031087484385,0.00424884571715,0.00483008078129,0.992662473795,0.991631799163,0.989966555184,0.917647058824,0.909090909091,0.88,3.296063385
1460,0.00301004840175,0.00424683360854,0.0048081384098,0.992662473795,0.991631799163,0.989966555184,0.917647058824,0.909090909091,0.88,3.316222191
1470,0.00299416705841,0.00426631427026,0.00496265635836,0.993710691824,0.991631799163,0.989966555184,0.93023255814,0.909090909091,0.88,3.341379922
1480,0.00296712607983,0.00426562112718,0.00492826260672,0.993710691824,0.991631799163,0.989966555184,0.93023255814,0.909090909091,0.88,3.363822901
1490,0.00297190049583,0.00426625244386,0.00492372309255,0.993710691824,0.991631799163,0.989966555184,0.93023255814,0.909090909091,0.88,3.385417359
1500,0.00295018637777,0.0042793181081,0.00477799851435,0.993710691824,0.991631799163,0.989966555184,0.93023255814,0.909090909091,0.88,3.40706988
1510,0.00292898747528,0.00427726708744,0.00475392824426,0.993710691824,0.991631799163,0.989966555184,0.93023255814,0.909090909091,0.88,3.429380372
1520,0.00291538218408,0.00426808318096,0.0047616911903,0.993710691824,0.991631799163,0.989966555184,0.93023255814,0.909090909091,0.88,3.449471936
1530,0.00291519676531,0.00426554125367,0.00465186530647,0.993710691824,0.991631799163,0.989966555184,0.93023255814,0.909090909091,0.88,3.472016902
1540,0.00285282506324,0.0042677050432,0.0046711182625,0.993710691824,0.991631799163,0.989966555184,0.93023255814,0.909090909091,0.88,3.494085621
1550,0.00283272199233,0.00426191611043,0.00444473723181,0.993710691824,0.991631799163,0.989966555184,0.93023255814,0.909090909091,0.88,3.515067201
1560,0.00276309117288,0.00424112477074,0.00415375662238,0.993710691824,0.991631799163,0.989966555184,0.93023255814,0.909090909091,0.88,3.539220839
1570,0.00274019785943,0.00423930115525,0.00395154714675,0.993710691824,0.991631799163,0.993311036789,0.93023255814,0.909090909091,0.923076923077,3.560429756
1580,0.00269722786743,0.0041919593282,0.00379279123708,0.993710691824,0.991631799163,0.993311036789,0.93023255814,0.909090909091,0.923076923077,3.580890901
1590,0.00267557826493,0.00418480471371,0.00378334260005,0.993710691824,0.991631799163,0.993311036789,0.93023255814,0.909090909091,0.923076923077,3.613950313
1600,0.00265389250455,0.00418000621994,0.00385526445507,0.993710691824,0.991631799163,0.993311036789,0.93023255814,0.909090909091,0.923076923077,3.63557624
1610,0.00264745804805,0.00418111849797,0.00385906674831,0.993710691824,0.991631799163,0.993311036789,0.93023255814,0.909090909091,0.923076923077,3.655729774
1620,0.00264359801316,0.00417755262837,0.00383447985102,0.993710691824,0.991631799163,0.993311036789,0.93023255814,0.909090909091,0.923076923077,3.680008586
1630,0.00262531517559,0.00414242048421,0.00365857160901,0.993710691824,0.991631799163,0.993311036789,0.93023255814,0.909090909091,0.923076923077,3.701209878
1640,0.0026470478177,0.00420846707785,0.00369419583617,0.993710691824,0.991631799163,0.993311036789,0.93023255814,0.909090909091,0.923076923077,3.721457715
1650,0.00261208048387,0.00417008611864,0.00360933902562,0.993710691824,0.991631799163,0.993311036789,0.93023255814,0.909090909091,0.923076923077,3.745223712
1660,0.00258635106433,0.00415741815015,0.00365245575475,0.993710691824,0.991631799163,0.993311036789,0.93023255814,0.909090909091,0.923076923077,3.765540775
1670,0.00257830737761,0.00416774438964,0.00370041015207,0.993710691824,0.991631799163,0.993311036789,0.93023255814,0.909090909091,0.923076923077,3.785900277
1680,0.00258282579322,0.00417747921946,0.00370115982036,0.993710691824,0.991631799163,0.993311036789,0.93023255814,0.909090909091,0.923076923077,3.808669136
1690,0.00256249714248,0.00417554289041,0.00369818380938,0.993710691824,0.991631799163,0.993311036789,0.93023255814,0.909090909091,0.923076923077,3.829021704
1700,0.00256003407089,0.00417531249608,0.00368088698542,0.993710691824,0.991631799163,0.993311036789,0.93023255814,0.909090909091,0.923076923077,3.854426239
1710,0.00255772395024,0.00417583170001,0.00361634256978,0.993710691824,0.991631799163,0.993311036789,0.93023255814,0.909090909091,0.923076923077,3.883303044
1720,0.00258548663269,0.00422510213585,0.0041351453718,0.993710691824,0.991631799163,0.989966555184,0.93023255814,0.909090909091,0.88,3.90406726
1730,0.00252151720425,0.00420479448171,0.00361818880082,0.993710691824,0.991631799163,0.993311036789,0.93023255814,0.909090909091,0.923076923077,3.923352798
1740,0.00249175945512,0.00419417337114,0.00411387407629,0.993710691824,0.991631799163,0.989966555184,0.93023255814,0.909090909091,0.88,3.949959498
1750,0.0025066359967,0.00424125744258,0.0038780647436,0.993710691824,0.991631799163,0.989966555184,0.93023255814,0.909090909091,0.88,3.969274915
1760,0.00247173925242,0.00422334924874,0.00394111360889,0.993710691824,0.991631799163,0.989966555184,0.93023255814,0.909090909091,0.88,3.992519851
1770,0.00246435332021,0.00422245486481,0.00395354184632,0.993710691824,0.991631799163,0.989966555184,0.93023255814,0.909090909091,0.88,4.01314531
1780,0.00244057003927,0.00421915987654,0.00409575500016,0.993710691824,0.991631799163,0.989966555184,0.93023255814,0.909090909091,0.88,4.032825451
1790,0.00242828146509,0.00422598783787,0.00397189824822,0.993710691824,0.991631799163,0.989966555184,0.93023255814,0.909090909091,0.88,4.056333484
1800,0.00242521681964,0.00423022780334,0.00396932365851,0.993710691824,0.991631799163,0.989966555184,0.93023255814,0.909090909091,0.88,4.076453933
1810,0.00235232099586,0.00419277307349,0.00419068269893,0.993710691824,0.991631799163,0.989966555184,0.93023255814,0.909090909091,0.88,4.097413247
1820,0.00232767021372,0.00419404146445,0.0040650856021,0.993710691824,0.991631799163,0.989966555184,0.93023255814,0.909090909091,0.88,4.128599396
1830,0.00232359864408,0.00420358325953,0.00424012448659,0.993710691824,0.991631799163,0.989966555184,0.93023255814,0.909090909091,0.88,4.149542207
1840,0.00229685702492,0.00419885119558,0.00416777891321,0.993710691824,0.991631799163,0.989966555184,0.93023255814,0.909090909091,0.88,4.169397221
1850,0.00227104489132,0.00423332341704,0.00412109772667,0.993710691824,0.991631799163,0.989966555184,0.93023255814,0.909090909091,0.88,4.191653078
1860,0.00225429124118,0.00423371795773,0.00410544808983,0.994758909853,0.991631799163,0.989966555184,0.942528735632,0.909090909091,0.88,4.21128127
1870,0.00226621424013,0.00423490954691,0.00412387149347,0.994758909853,0.991631799163,0.989966555184,0.942528735632,0.909090909091,0.88,4.232930998
1880,0.00218513972502,0.00423449138007,0.00392041313775,0.993710691824,0.991631799163,0.989966555184,0.93023255814,0.909090909091,0.88,4.253790889
1890,0.00212951337483,0.00424462277018,0.00382576084633,0.994758909853,0.991631799163,0.989966555184,0.942528735632,0.909090909091,0.88,4.27369313
1900,0.00212565495995,0.00422860518771,0.0037949383904,0.994758909853,0.991631799163,0.989966555184,0.942528735632,0.909090909091,0.88,4.295877371
1910,0.002067943941,0.00422039619199,0.00391752332599,0.994758909853,0.991631799163,0.989966555184,0.942528735632,0.909090909091,0.88,4.316244858
1920,0.00200115539829,0.00421722860088,0.00391116578735,0.994758909853,0.991631799163,0.989966555184,0.942528735632,0.909090909091,0.88,4.336985977
1930,0.00199840774449,0.00420776188675,0.0034995075126,0.994758909853,0.991631799163,0.993311036789,0.942528735632,0.909090909091,0.923076923077,4.361534225
1940,0.00199039521465,0.00421096654841,0.00349828939191,0.994758909853,0.991631799163,0.993311036789,0.942528735632,0.909090909091,0.923076923077,4.383058861
1950,0.00214549474846,0.00426901965623,0.00393703519393,0.993710691824,0.991631799163,0.989966555184,0.93023255814,0.909090909091,0.88,4.404946671
1960,0.001959163299,0.00421487509268,0.00367715260106,0.994758909853,0.991631799163,0.993311036789,0.942528735632,0.909090909091,0.923076923077,4.431234054
1970,0.00195057574877,0.00419127758431,0.00364354882697,0.994758909853,0.991631799163,0.993311036789,0.942528735632,0.909090909091,0.923076923077,4.452931893
1980,0.00189672535767,0.00415202964847,0.00335142667733,0.994758909853,0.991631799163,0.993311036789,0.942528735632,0.909090909091,0.923076923077,4.473035966
1990,0.00172094122411,0.00409099666935,0.00312839786777,0.994758909853,0.991631799163,0.993311036789,0.942528735632,0.909090909091,0.923076923077,4.502387087
2000,0.001718869034,0.00405665473871,0.00318158814771,0.994758909853,0.991631799163,0.993311036789,0.942528735632,0.909090909091,0.923076923077,4.522339561
2010,0.00172138727114,0.00403823022658,0.00300050284032,0.994758909853,0.991631799163,0.993311036789,0.942528735632,0.909090909091,0.923076923077,4.542868307
2020,0.00172134587833,0.00408500036518,0.00310079516013,0.995807127883,0.991631799163,0.993311036789,0.954545454545,0.909090909091,0.923076923077,4.565563232
2030,0.00171135077113,0.0041043366105,0.00316180241213,0.994758909853,0.991631799163,0.993311036789,0.942528735632,0.909090909091,0.923076923077,4.585269558
2040,0.00165993512078,0.00411293830474,0.00310497315084,0.994758909853,0.991631799163,0.993311036789,0.942528735632,0.909090909091,0.923076923077,4.611329937
2050,0.00162910223322,0.0041037997608,0.00304873321061,0.994758909853,0.991631799163,0.993311036789,0.942528735632,0.909090909091,0.923076923077,4.632696543
2060,0.00160250221048,0.00406408819025,0.00296980777141,0.994758909853,0.991631799163,0.993311036789,0.942528735632,0.909090909091,0.923076923077,4.653736498
2070,0.00159428889671,0.00407961462352,0.00299451519783,0.994758909853,0.991631799163,0.993311036789,0.942528735632,0.909090909091,0.923076923077,4.679189771
2080,0.0015809723963,0.00395703583669,0.00293685841799,0.994758909853,0.991631799163,0.993311036789,0.942528735632,0.909090909091,0.923076923077,4.700130815
2090,0.00153888151362,0.00394908043762,0.00311019501124,0.994758909853,0.991631799163,0.993311036789,0.942528735632,0.909090909091,0.923076923077,4.719731414
2100,0.00151342038284,0.00397498710492,0.00305081848505,0.994758909853,0.991631799163,0.993311036789,0.942528735632,0.909090909091,0.923076923077,4.746706353
2110,0.00150135260591,0.00399889223299,0.00305957888313,0.994758909853,0.991631799163,0.993311036789,0.942528735632,0.909090909091,0.923076923077,4.767283515
2120,0.00148410847504,0.00401566435045,0.00309374523854,0.994758909853,0.991631799163,0.993311036789,0.942528735632,0.909090909091,0.923076923077,4.7903523
2130,0.00147380420129,0.00403701992835,0.00308170766985,0.994758909853,0.991631799163,0.993311036789,0.942528735632,0.909090909091,0.923076923077,4.812108485
2140,0.00147816495519,0.00406742086992,0.00307078030917,0.994758909853,0.991631799163,0.993311036789,0.942528735632,0.909090909091,0.923076923077,4.831954523
2150,0.00145971490077,0.00390299722287,0.00295869155662,0.995807127883,0.991631799163,0.993311036789,0.954545454545,0.909090909091,0.923076923077,4.851661779
2160,0.00140925002415,0.00386623369747,0.00301803587961,0.995807127883,0.991631799163,0.993311036789,0.954545454545,0.909090909091,0.923076923077,4.875769059
2170,0.00140160925482,0.00400435162451,0.00303096025028,0.995807127883,0.991631799163,0.993311036789,0.954545454545,0.909090909091,0.923076923077,4.895676872
2180,0.00135793650773,0.0040977702597,0.00294014491995,0.996855345912,0.991631799163,0.993311036789,0.966292134831,0.909090909091,0.923076923077,4.917978999
2190,0.0013665255526,0.00410965987686,0.0028884439321,0.996855345912,0.991631799163,0.993311036789,0.966292134831,0.909090909091,0.923076923077,4.939544115
2200,0.00138924217271,0.00409969833581,0.00294859704505,0.996855345912,0.991631799163,0.993311036789,0.966292134831,0.909090909091,0.923076923077,4.959312708
2210,0.00134296235271,0.0040959042021,0.00294203322861,0.995807127883,0.991631799163,0.993311036789,0.954545454545,0.909090909091,0.923076923077,4.981433211
2220,0.00133500826928,0.00407907324224,0.00297771461202,0.995807127883,0.991631799163,0.993311036789,0.954545454545,0.909090909091,0.923076923077,5.001785706
2230,0.00131571919424,0.00416162233023,0.00317583602367,0.996855345912,0.991631799163,0.993311036789,0.966292134831,0.909090909091,0.923076923077,5.021269178
2240,0.00131137942163,0.00413587694519,0.00317976066852,0.996855345912,0.991631799163,0.993311036789,0.966292134831,0.909090909091,0.923076923077,5.044838802
2250,0.00130401446658,0.004202905404,0.00348365564034,0.995807127883,0.991631799163,0.989966555184,0.954545454545,0.909090909091,0.88,5.064883071
2260,0.00126223173279,0.00419600840744,0.00311833186134,0.996855345912,0.991631799163,0.989966555184,0.966292134831,0.909090909091,0.88,5.086369117
2270,0.00121436281625,0.00416040049005,0.00305334378168,0.996855345912,0.991631799163,0.989966555184,0.966292134831,0.909090909091,0.88,5.108439602
2280,0.00120953620288,0.00415810943458,0.00300236178485,0.996855345912,0.991631799163,0.989966555184,0.966292134831,0.909090909091,0.88,5.128205208
2290,0.00122750200259,0.00417292963231,0.00299332519278,0.996855345912,0.991631799163,0.989966555184,0.966292134831,0.909090909091,0.88,5.158701419
2300,0.00120927461887,0.00416822482828,0.00318384649685,0.996855345912,0.991631799163,0.989966555184,0.966292134831,0.909090909091,0.88,5.179253963
2310,0.00116041344404,0.00408242509607,0.002964444479,0.996855345912,0.991631799163,0.993311036789,0.966292134831,0.909090909091,0.923076923077,5.198782327
2320,0.00114419017719,0.00424270726182,0.00273883176984,0.998951781971,0.991631799163,0.993311036789,0.989010989011,0.909090909091,0.923076923077,5.221302669
2330,0.00116554106792,0.00432934460031,0.00270552918345,0.998951781971,0.991631799163,0.993311036789,0.989010989011,0.909090909091,0.923076923077,5.241061415
2340,0.00112319840946,0.00416624592835,0.00286388442188,0.998951781971,0.991631799163,0.993311036789,0.989010989011,0.909090909091,0.923076923077,5.263817523
2350,0.00112004345857,0.00419628977462,0.00296560860232,0.998951781971,0.991631799163,0.993311036789,0.989010989011,0.909090909091,0.923076923077,5.286464216
2360,0.00106228480762,0.00414931840308,0.00303761547026,0.998951781971,0.991631799163,0.993311036789,0.989010989011,0.909090909091,0.923076923077,5.305915321
2370,0.00106052005711,0.00414719491172,0.0030374472974,0.998951781971,0.991631799163,0.993311036789,0.989010989011,0.909090909091,0.923076923077,5.329944526
2380,0.00109236585297,0.00416961206013,0.00296622577712,0.998951781971,0.991631799163,0.993311036789,0.989010989011,0.909090909091,0.923076923077,5.350229285
2390,0.00102601332858,0.00405546010739,0.00346804993366,0.997903563941,0.991631799163,0.993311036789,0.977777777778,0.909090909091,0.923076923077,5.369943819
2400,0.00100811981289,0.00400193176515,0.00346137974543,0.997903563941,0.991631799163,0.993311036789,0.977777777778,0.909090909091,0.923076923077,5.398893186
2410,0.00099717712276,0.00400148193035,0.00371374996407,0.997903563941,0.991631799163,0.989966555184,0.977777777778,0.909090909091,0.88,5.420377561
2420,0.000994424360532,0.00390267152513,0.00377318270765,0.997903563941,0.991631799163,0.989966555184,0.977777777778,0.909090909091,0.88,5.440302954
2430,0.000978999469212,0.00397879224962,0.004027948732,0.997903563941,0.991631799163,0.989966555184,0.977777777778,0.909090909091,0.88,5.465850329
2440,0.000975424728455,0.00397984826288,0.00455635900461,0.997903563941,0.991631799163,0.989966555184,0.977777777778,0.909090909091,0.88,5.485374882
2450,0.000969316536563,0.00399281944365,0.0046098908567,0.997903563941,0.991631799163,0.986622073579,0.977777777778,0.909090909091,0.833333333333,5.507937934
2460,0.000934497003527,0.00399015347989,0.00439431825518,0.997903563941,0.991631799163,0.986622073579,0.977777777778,0.909090909091,0.833333333333,5.52817927
2470,0.000943447247744,0.00383302768163,0.00418120966006,0.997903563941,0.991631799163,0.986622073579,0.977777777778,0.909090909091,0.833333333333,5.548319453
2480,0.000931834169723,0.00398970329346,0.00437011123161,0.997903563941,0.991631799163,0.986622073579,0.977777777778,0.909090909091,0.833333333333,5.570896355
2490,0.000924780748823,0.0039773463563,0.00450744174499,0.997903563941,0.991631799163,0.986622073579,0.977777777778,0.909090909091,0.833333333333,5.590338084
2500,0.000906930599744,0.00408566068302,0.00412219014605,0.998951781971,0.991631799163,0.986622073579,0.989010989011,0.909090909091,0.833333333333,5.614196394
2510,0.000901859149867,0.00412375690901,0.00423984445937,0.998951781971,0.991631799163,0.986622073579,0.989010989011,0.909090909091,0.833333333333,5.634429219
2520,0.000857838640161,0.00413458810602,0.00383936778089,0.998951781971,0.991631799163,0.989966555184,0.989010989011,0.909090909091,0.88,5.654821928
2530,0.00086542128807,0.004118881126,0.00385420607682,0.998951781971,0.991631799163,0.989966555184,0.989010989011,0.909090909091,0.88,5.686265734
2540,0.000857248295597,0.00408206419455,0.00385610359567,0.998951781971,0.991631799163,0.989966555184,0.989010989011,0.909090909091,0.88,5.708611446
2550,0.000844290859467,0.00407722314561,0.00383340228214,0.998951781971,0.991631799163,0.989966555184,0.989010989011,0.909090909091,0.88,5.728259923
2560,0.000841861459329,0.00407916204727,0.00377092573006,0.998951781971,0.991631799163,0.989966555184,0.989010989011,0.909090909091,0.88,5.750994447
2570,0.000839959601482,0.00406612126287,0.00382914974111,0.998951781971,0.991631799163,0.989966555184,0.989010989011,0.909090909091,0.88,5.773556475
2580,0.000832222323871,0.00405230773291,0.00381678360002,0.998951781971,0.991631799163,0.989966555184,0.989010989011,0.909090909091,0.88,5.793410012
2590,0.000824875306525,0.00408742222129,0.00407815447307,0.998951781971,0.991631799163,0.989966555184,0.989010989011,0.909090909091,0.88,5.814851269
2600,0.000812879093044,0.00407822647295,0.00410030671215,0.998951781971,0.991631799163,0.989966555184,0.989010989011,0.909090909091,0.88,5.834473315
2610,0.000810900645264,0.00398036542606,0.00414696339213,0.998951781971,0.991631799163,0.989966555184,0.989010989011,0.909090909091,0.88,5.856562381
2620,0.000798360509333,0.00396502869677,0.00360333512991,0.998951781971,0.991631799163,0.989966555184,0.989010989011,0.909090909091,0.88,5.876045071
2630,0.000786428476212,0.00383132355814,0.00359086136633,0.998951781971,0.991631799163,0.989966555184,0.989010989011,0.909090909091,0.88,5.900236904
2640,0.000795773118729,0.00391254892362,0.00367977071212,0.998951781971,0.991631799163,0.989966555184,0.989010989011,0.909090909091,0.88,5.922194264
2650,0.000783176402245,0.00380322022453,0.00377192217864,0.998951781971,0.991631799163,0.989966555184,0.989010989011,0.909090909091,0.88,5.942673072
2660,0.000773811075979,0.00377089955053,0.00364891215008,0.998951781971,0.991631799163,0.989966555184,0.989010989011,0.909090909091,0.88,5.969411227
2670,0.000769617108442,0.00371902207479,0.00351009536597,0.998951781971,0.991631799163,0.989966555184,0.989010989011,0.909090909091,0.88,5.989707891
2680,0.000752626729878,0.00363008677054,0.00351639393094,0.998951781971,0.991631799163,0.989966555184,0.989010989011,0.909090909091,0.88,6.009103048
2690,0.000753219938059,0.00362965451606,0.00351789913231,0.998951781971,0.991631799163,0.989966555184,0.989010989011,0.909090909091,0.88,6.03156684
2700,0.000759410525315,0.00391987378184,0.00351564666572,0.998951781971,0.991631799163,0.989966555184,0.989010989011,0.909090909091,0.88,6.051101807
2710,0.000757767692431,0.00388253082836,0.00367940211345,0.998951781971,0.991631799163,0.989966555184,0.989010989011,0.909090909091,0.88,6.072630618
2720,0.000738097579851,0.00376856568679,0.00343747588763,0.998951781971,0.991631799163,0.993311036789,0.989010989011,0.909090909091,0.923076923077,6.093414045
2730,0.000734971877368,0.00387824140543,0.00353163602044,0.998951781971,0.991631799163,0.993311036789,0.989010989011,0.909090909091,0.923076923077,6.112848371
2740,0.000734779213341,0.00388312553141,0.00353092236927,0.998951781971,0.991631799163,0.993311036789,0.989010989011,0.909090909091,0.923076923077,6.136941521
2750,0.000739130931459,0.00397121567163,0.00326379660747,0.998951781971,0.991631799163,0.993311036789,0.989010989011,0.909090909091,0.923076923077,6.156918631
2760,0.000720255395284,0.00387490735685,0.00376573986417,0.998951781971,0.991631799163,0.989966555184,0.989010989011,0.909090909091,0.88,6.181563063
2770,0.000713946519695,0.0038814186858,0.00367955154333,0.998951781971,0.991631799163,0.989966555184,0.989010989011,0.909090909091,0.88,6.208783454
2780,0.000734746359701,0.00389400388685,0.00439494591114,0.998951781971,0.991631799163,0.989966555184,0.989010989011,0.909090909091,0.88,6.228731583
2790,0.000705758285544,0.00389826040823,0.00424174796954,0.998951781971,0.991631799163,0.989966555184,0.989010989011,0.909090909091,0.88,6.250841837
2800,0.000705529323818,0.00388639548422,0.00425732380695,0.998951781971,0.991631799163,0.989966555184,0.989010989011,0.909090909091,0.88,6.273546906
2810,0.000701634841345,0.00396142700866,0.00430991702608,0.998951781971,0.991631799163,0.989966555184,0.989010989011,0.909090909091,0.88,6.293072778
2820,0.000700276747381,0.0039603783672,0.00418222477378,0.998951781971,0.991631799163,0.989966555184,0.989010989011,0.909090909091,0.88,6.318090034
2830,0.000699414461926,0.00396054138931,0.00417466178479,0.998951781971,0.991631799163,0.989966555184,0.989010989011,0.909090909091,0.88,6.337739295
2840,0.000690799543166,0.00396445879228,0.0041281634076,0.998951781971,0.991631799163,0.989966555184,0.989010989011,0.909090909091,0.88,6.35792052
2850,0.000691955829051,0.00393588762723,0.00410369329548,0.998951781971,0.991631799163,0.989966555184,0.989010989011,0.909090909091,0.88,6.377934706
2860,0.000659620492608,0.00396572112034,0.00402383028921,0.998951781971,0.991631799163,0.989966555184,0.989010989011,0.909090909091,0.88,6.397664516
2870,0.000659480251959,0.00400035714845,0.00404592041364,0.998951781971,0.991631799163,0.989966555184,0.989010989011,0.909090909091,0.88,6.423649655
2880,0.000658358138555,0.0039439467634,0.00404087093291,0.998951781971,0.991631799163,0.989966555184,0.989010989011,0.909090909091,0.88,6.448352529
2890,0.0006592309557,0.00397063991388,0.00406106926208,0.998951781971,0.991631799163,0.989966555184,0.989010989011,0.909090909091,0.88,6.468850425
2900,0.000666240070875,0.00396526190095,0.00428310522593,0.998951781971,0.991631799163,0.989966555184,0.989010989011,0.909090909091,0.88,6.492618106
2910,0.000658313649124,0.00394681809861,0.0040535708505,0.998951781971,0.991631799163,0.989966555184,0.989010989011,0.909090909091,0.88,6.512549404
2920,0.000653589894821,0.00398535727952,0.00444708643181,0.998951781971,0.991631799163,0.986622073579,0.989010989011,0.909090909091,0.833333333333,6.532441519
2930,0.000651241953002,0.00398251431051,0.00442505173581,0.998951781971,0.991631799163,0.986622073579,0.989010989011,0.909090909091,0.833333333333,6.553566237
2940,0.000650366983356,0.00396274101899,0.00436631018018,0.998951781971,0.991631799163,0.986622073579,0.989010989011,0.909090909091,0.833333333333,6.573172356
2950,0.000642495668593,0.00403336606642,0.0042289473773,0.998951781971,0.991631799163,0.989966555184,0.989010989011,0.909090909091,0.88,6.59506627
2960,0.00064250794839,0.0040333673472,0.00422895412802,0.998951781971,0.991631799163,0.989966555184,0.989010989011,0.909090909091,0.88,6.615032501
2970,0.000617990957174,0.00395416560785,0.00399877740799,0.998951781971,0.991631799163,0.989966555184,0.989010989011,0.909090909091,0.88,6.635003053
2980,0.000618515559091,0.00399754064793,0.00421533593077,0.998951781971,0.991631799163,0.989966555184,0.989010989011,0.909090909091,0.88,6.657230391
2990,0.000610592764013,0.0039504819121,0.00407095926096,0.998951781971,0.991631799163,0.989966555184,0.989010989011,0.909090909091,0.88,6.67777632
3000,0.000606712161882,0.00394814643141,0.00415630629277,0.998951781971,0.991631799163,0.989966555184,0.989010989011,0.909090909091,0.88,6.702017926
3010,0.000605953685311,0.00394968884953,0.00415433898989,0.998951781971,0.991631799163,0.989966555184,0.989010989011,0.909090909091,0.88,6.732148345
3020,0.000593686731502,0.00388647691341,0.00405208836224,0.998951781971,0.991631799163,0.989966555184,0.989010989011,0.909090909091,0.88,6.752361428
3030,0.000590891529432,0.00393434059492,0.00413769100232,0.998951781971,0.991631799163,0.989966555184,0.989010989011,0.909090909091,0.88,6.774243727
3040,0.00060535425759,0.00392758223726,0.00411481206908,0.998951781971,0.991631799163,0.989966555184,0.989010989011,0.909090909091,0.88,6.79758011
3050,0.000588736295829,0.00388062797161,0.00429792581636,0.998951781971,0.991631799163,0.989966555184,0.989010989011,0.909090909091,0.88,6.818610238
3060,0.000585617939608,0.00388993198904,0.00436435887093,0.998951781971,0.991631799163,0.989966555184,0.989010989011,0.909090909091,0.88,6.842832811
3070,0.000584703387697,0.00389285559707,0.00437784308512,0.998951781971,0.991631799163,0.989966555184,0.989010989011,0.909090909091,0.88,6.86499442
3080,0.000583116711821,0.00389615605954,0.00436524446899,0.998951781971,0.991631799163,0.989966555184,0.989010989011,0.909090909091,0.88,6.885300774
3090,0.000586004012644,0.00390314213652,0.00443255931361,0.998951781971,0.991631799163,0.989966555184,0.989010989011,0.909090909091,0.88,6.912487432
3100,0.000581467393813,0.00383615410678,0.004555475771,0.998951781971,0.991631799163,0.989966555184,0.989010989011,0.909090909091,0.88,6.933300389
3110,0.000569780265421,0.00365481320542,0.00459054065919,0.998951781971,0.991631799163,0.989966555184,0.989010989011,0.909090909091,0.88,6.954366038
3120,0.000569008204443,0.00368911950105,0.00458701832765,0.998951781971,0.991631799163,0.989966555184,0.989010989011,0.909090909091,0.88,6.987405081
3130,0.000568780231341,0.00368203002079,0.00463393867662,0.998951781971,0.991631799163,0.989966555184,0.989010989011,0.909090909091,0.88,7.008617815
3140,0.00057090789706,0.00376091603044,0.00450542724265,0.998951781971,0.991631799163,0.989966555184,0.989010989011,0.909090909091,0.88,7.028986579
3150,0.000567140958492,0.00377239722486,0.00462826022825,0.998951781971,0.991631799163,0.989966555184,0.989010989011,0.909090909091,0.88,7.052185307
3160,0.000565988521552,0.00387664370731,0.00461653462926,0.998951781971,0.991631799163,0.989966555184,0.989010989011,0.909090909091,0.88,7.073278489
3170,0.000567035988875,0.00387303792385,0.00453838709282,0.998951781971,0.991631799163,0.989966555184,0.989010989011,0.909090909091,0.88,7.093600133
3180,0.000573049279029,0.00400777681074,0.00580561192598,0.998951781971,0.991631799163,0.986622073579,0.989010989011,0.909090909091,0.833333333333,7.116408169
3190,0.000564556596274,0.00386168151969,0.0046791163312,0.998951781971,0.991631799163,0.989966555184,0.989010989011,0.909090909091,0.88,7.136611199
3200,0.000565287015943,0.00386223684044,0.00463660540701,0.998951781971,0.991631799163,0.989966555184,0.989010989011,0.909090909091,0.88,7.160079872
3210,0.000563260882163,0.00394182601991,0.00472719502761,0.998951781971,0.991631799163,0.989966555184,0.989010989011,0.909090909091,0.88,7.182086805
3220,0.000563619808241,0.00393962202899,0.00474534527321,0.998951781971,0.991631799163,0.989966555184,0.989010989011,0.909090909091,0.88,7.203094011
3230,0.000580192524867,0.0039453637714,0.00468018343259,0.998951781971,0.991631799163,0.989966555184,0.989010989011,0.909090909091,0.88,7.231501983
3240,0.000561622507779,0.00398318780187,0.00464157376231,0.998951781971,0.991631799163,0.989966555184,0.989010989011,0.909090909091,0.88,7.254991098
3250,0.000559874844217,0.00400531340679,0.00475237844352,0.998951781971,0.991631799163,0.989966555184,0.989010989011,0.909090909091,0.88,7.274544402
3260,0.000560163081792,0.00398882592711,0.00476078041873,0.998951781971,0.991631799163,0.989966555184,0.989010989011,0.909090909091,0.88,7.297523153
3270,0.000558310121268,0.00380691221523,0.00504482302454,0.998951781971,0.991631799163,0.989966555184,0.989010989011,0.909090909091,0.88,7.317125592
3280,0.000557577582977,0.00376328610749,0.00496627053768,0.998951781971,0.991631799163,0.989966555184,0.989010989011,0.909090909091,0.88,7.337607782
3290,0.000557991088067,0.0037348191058,0.00492094230682,0.998951781971,0.991631799163,0.989966555184,0.989010989011,0.909090909091,0.88,7.358746928
3300,0.000555270568946,0.0037640126157,0.00492647805567,0.998951781971,0.991631799163,0.989966555184,0.989010989011,0.909090909091,0.88,7.378241091
3310,0.000577804536206,0.00396836506385,0.00596362627746,0.998951781971,0.991631799163,0.983277591973,0.989010989011,0.909090909091,0.782608695652,7.403207395
3320,0.000553435071777,0.00375700517499,0.00561468849589,0.998951781971,0.991631799163,0.983277591973,0.989010989011,0.909090909091,0.782608695652,7.423115885
3330,0.00055338720882,0.00374829295497,0.00522449180558,0.998951781971,0.991631799163,0.986622073579,0.989010989011,0.909090909091,0.833333333333,7.445801208
3340,0.000550705447813,0.00398998249948,0.00512888629187,0.998951781971,0.991631799163,0.986622073579,0.989010989011,0.909090909091,0.833333333333,7.467966446
3350,0.000551278322469,0.0040017999025,0.00531078157549,0.998951781971,0.991631799163,0.986622073579,0.989010989011,0.909090909091,0.833333333333,7.48817898
3360,0.000549595948453,0.00399884502919,0.00503730351703,0.998951781971,0.991631799163,0.989966555184,0.989010989011,0.909090909091,0.88,7.515788351
3370,0.000549877448054,0.00399886437108,0.00500103764044,0.998951781971,0.991631799163,0.989966555184,0.989010989011,0.909090909091,0.88,7.545995436
3380,0.000539394320524,0.00410394751671,0.005607252313,0.998951781971,0.991631799163,0.986622073579,0.989010989011,0.909090909091,0.833333333333,7.567355218
3390,0.000539226755468,0.00410371967836,0.005634131841,0.998951781971,0.991631799163,0.986622073579,0.989010989011,0.909090909091,0.833333333333,7.586899037
3400,0.000539192859776,0.00410364979694,0.00560203645703,0.998951781971,0.991631799163,0.986622073579,0.989010989011,0.909090909091,0.833333333333,7.609641212
3410,0.000538033242073,0.00410200420656,0.00569506450806,0.998951781971,0.991631799163,0.986622073579,0.989010989011,0.909090909091,0.833333333333,7.629063434
3420,0.000537529829222,0.00410476447848,0.00565370928788,0.998951781971,0.991631799163,0.986622073579,0.989010989011,0.909090909091,0.833333333333,7.652774938
3430,0.000541273339415,0.00368564571671,0.00578969595926,0.998951781971,0.991631799163,0.983277591973,0.989010989011,0.909090909091,0.8,7.672845074
3440,0.00053668895766,0.00411659195644,0.00575525891861,0.998951781971,0.991631799163,0.986622073579,0.989010989011,0.909090909091,0.833333333333,7.692485586
3450,0.000536229573738,0.0041132624568,0.00581866799712,0.998951781971,0.991631799163,0.986622073579,0.989010989011,0.909090909091,0.833333333333,7.71508988
3460,0.000536294319797,0.00411636154038,0.00602960706858,0.998951781971,0.991631799163,0.986622073579,0.989010989011,0.909090909091,0.833333333333,7.73470233
3470,0.000536036392195,0.00407827736725,0.00616307840742,0.998951781971,0.991631799163,0.983277591973,0.989010989011,0.909090909091,0.8,7.758385995
3480,0.000532033780137,0.00407201490373,0.00618454015199,0.998951781971,0.991631799163,0.983277591973,0.989010989011,0.909090909091,0.8,7.781712765
3490,0.000531557298565,0.00406770447258,0.00607082689733,0.998951781971,0.991631799163,0.983277591973,0.989010989011,0.909090909091,0.8,7.803356827
3500,0.000531355777124,0.00406760110412,0.00608270734105,0.998951781971,0.991631799163,0.983277591973,0.989010989011,0.909090909091,0.8,7.828518761
3510,0.000530994682329,0.00405545709117,0.00604328534359,0.998951781971,0.991631799163,0.983277591973,0.989010989011,0.909090909091,0.8,7.851447681
3520,0.00053056070027,0.00409220373124,0.00594502384569,0.998951781971,0.991631799163,0.983277591973,0.989010989011,0.909090909091,0.8,7.870969058
3530,0.000530541167623,0.00409084543463,0.00592457516017,0.998951781971,0.991631799163,0.983277591973,0.989010989011,0.909090909091,0.8,7.892421675
3540,0.00053031652435,0.00405749731885,0.00599241426261,0.998951781971,0.991631799163,0.983277591973,0.989010989011,0.909090909091,0.8,7.912266205
3550,0.00053006036971,0.0039923759149,0.00556534070737,0.998951781971,0.991631799163,0.983277591973,0.989010989011,0.909090909091,0.8,7.931904413
3560,0.000529202943629,0.00399226372121,0.00558476008675,0.998951781971,0.991631799163,0.983277591973,0.989010989011,0.909090909091,0.8,7.953819086
3570,0.000528333615886,0.00404250175623,0.00572126498973,0.998951781971,0.991631799163,0.983277591973,0.989010989011,0.909090909091,0.8,7.973378781
3580,0.000528671195588,0.00404281326441,0.00558917625221,0.998951781971,0.991631799163,0.986622073579,0.989010989011,0.909090909091,0.846153846154,7.997679083
3590,0.0005281966755,0.00406476328166,0.00543364042817,0.998951781971,0.991631799163,0.986622073579,0.989010989011,0.909090909091,0.846153846154,8.017896863
3600,0.000528125170636,0.00407027683723,0.00547146055082,0.998951781971,0.991631799163,0.986622073579,0.989010989011,0.909090909091,0.846153846154,8.038358528
3610,0.000527946860504,0.00407966509386,0.00560179022268,0.998951781971,0.991631799163,0.983277591973,0.989010989011,0.909090909091,0.8,8.065670787
3620,0.000527670451631,0.00407802689726,0.0058028244332,0.998951781971,0.991631799163,0.983277591973,0.989010989011,0.909090909091,0.8,8.085477352
3630,0.000527640471981,0.00407803787269,0.00578092425869,0.998951781971,0.991631799163,0.983277591973,0.989010989011,0.909090909091,0.8,8.10527304
3640,0.000527619076853,0.00407803610267,0.00577824691421,0.998951781971,0.991631799163,0.983277591973,0.989010989011,0.909090909091,0.8,8.129888384
3650,0.000527514622659,0.00415220352389,0.00591474647443,0.998951781971,0.991631799163,0.983277591973,0.989010989011,0.909090909091,0.8,8.150246918
3660,0.000527463106335,0.00416228975841,0.00616057250283,0.998951781971,0.991631799163,0.983277591973,0.989010989011,0.909090909091,0.8,8.173267356
3670,0.000527340120578,0.00415201924217,0.00596524865219,0.998951781971,0.991631799163,0.983277591973,0.989010989011,0.909090909091,0.8,8.193093618
3680,0.000527290446946,0.00414977182736,0.00593435755229,0.998951781971,0.991631799163,0.983277591973,0.989010989011,0.909090909091,0.8,8.212800049
3690,0.000527048167063,0.00415022243442,0.00587663215053,0.998951781971,0.991631799163,0.983277591973,0.989010989011,0.909090909091,0.8,8.234815061
3700,0.000527141536432,0.00415403749105,0.00585335160914,0.998951781971,0.991631799163,0.983277591973,0.989010989011,0.909090909091,0.8,8.254460615
3710,0.000527005426304,0.00415296169297,0.00587475550299,0.998951781971,0.991631799163,0.983277591973,0.989010989011,0.909090909091,0.8,8.274309124
3720,0.000526695886763,0.00415179561422,0.00588002210611,0.998951781971,0.991631799163,0.983277591973,0.989010989011,0.909090909091,0.8,8.299766838
3730,0.000526656866739,0.00415179498254,0.00589839526276,0.998951781971,0.991631799163,0.983277591973,0.989010989011,0.909090909091,0.8,8.32030618
3740,0.00052666497186,0.00415179194507,0.00590245896046,0.998951781971,0.991631799163,0.983277591973,0.989010989011,0.909090909091,0.8,8.343432504
3750,0.000526631722433,0.00415176959128,0.00577960510582,0.998951781971,0.991631799163,0.986622073579,0.989010989011,0.909090909091,0.833333333333,8.365984644
3760,0.000526539097779,0.00415341438485,0.00566013783742,0.998951781971,0.991631799163,0.986622073579,0.989010989011,0.909090909091,0.833333333333,8.385788777
3770,0.000526464912427,0.00415250038231,0.00569860483016,0.998951781971,0.991631799163,0.986622073579,0.989010989011,0.909090909091,0.833333333333,8.406566417
3780,0.00052648737982,0.00415840821407,0.00587287477877,0.998951781971,0.991631799163,0.983277591973,0.989010989011,0.909090909091,0.8,8.427226996
3790,0.000526215475964,0.00412598328711,0.00527898718933,0.998951781971,0.991631799163,0.989966555184,0.989010989011,0.909090909091,0.88,8.449050981
3800,0.000526149546201,0.00415326482603,0.00619895169304,0.998951781971,0.991631799163,0.986622073579,0.989010989011,0.909090909091,0.833333333333,8.473886044
3810,0.000525528216497,0.00417888456738,0.00628495748694,0.998951781971,0.991631799163,0.986622073579,0.989010989011,0.909090909091,0.833333333333,8.497860773
3820,0.000524999247199,0.00415301556424,0.00553687860692,0.998951781971,0.991631799163,0.986622073579,0.989010989011,0.909090909091,0.846153846154,8.518536011
3830,0.000525100289893,0.00407585436111,0.00657326593835,0.998951781971,0.991631799163,0.983277591973,0.989010989011,0.909090909091,0.8,8.543269205
3840,0.000524970639128,0.00411683490903,0.00658484654782,0.998951781971,0.991631799163,0.983277591973,0.989010989011,0.909090909091,0.8,8.573324111
3850,0.00052492419893,0.00414513445537,0.0064147296774,0.998951781971,0.991631799163,0.983277591973,0.989010989011,0.909090909091,0.8,8.596688865
3860,0.00052485120792,0.00414452108259,0.00654658037042,0.998951781971,0.991631799163,0.983277591973,0.989010989011,0.909090909091,0.8,8.616674357
3870,0.000524829752029,0.00414452018808,0.00654973698167,0.998951781971,0.991631799163,0.983277591973,0.989010989011,0.909090909091,0.8,8.640839889
3880,0.000524867290673,0.00414452026276,0.00654222869723,0.998951781971,0.991631799163,0.983277591973,0.989010989011,0.909090909091,0.8,8.669721454
3890,0.000524752764692,0.00414451870309,0.00648894289971,0.998951781971,0.991631799163,0.983277591973,0.989010989011,0.909090909091,0.8,8.689456553
3900,0.000524760760987,0.00413200428769,0.00590357723545,0.998951781971,0.991631799163,0.986622073579,0.989010989011,0.909090909091,0.846153846154,8.716059484
3910,0.000524724876718,0.00417721815042,0.00658552470479,0.998951781971,0.991631799163,0.983277591973,0.989010989011,0.909090909091,0.8,8.740441728
3920,0.000524708491074,0.00417299723429,0.00660407057937,0.998951781971,0.991631799163,0.983277591973,0.989010989011,0.909090909091,0.8,8.760437162
3930,0.000524853618063,0.00416956701819,0.00674588683923,0.998951781971,0.991631799163,0.983277591973,0.989010989011,0.909090909091,0.8,8.79050431
3940,0.000524610474428,0.00416985889384,0.00669502088129,0.998951781971,0.991631799163,0.983277591973,0.989010989011,0.909090909091,0.8,8.821171917
3950,0.000524458849362,0.00416885098774,0.00675037568323,0.998951781971,0.991631799163,0.983277591973,0.989010989011,0.909090909091,0.8,8.846068631
3960,0.000524455856879,0.00416883303241,0.00673096675515,0.998951781971,0.991631799163,0.983277591973,0.989010989011,0.909090909091,0.8,8.867271659
3970,0.000526363716764,0.00417381038686,0.00654427399958,0.998951781971,0.991631799163,0.983277591973,0.989010989011,0.909090909091,0.8,8.892122918
3980,0.000524485630252,0.00416518822229,0.00673133750499,0.998951781971,0.991631799163,0.983277591973,0.989010989011,0.909090909091,0.8,8.915856204
3990,0.00052470159175,0.00342458014082,0.00737422154579,0.998951781971,0.991631799163,0.983277591973,0.989010989011,0.909090909091,0.8,8.935797054
4000,0.000524404704568,0.00416229406086,0.00678002031042,0.998951781971,0.991631799163,0.983277591973,0.989010989011,0.909090909091,0.8,8.960779882
4010,0.000524347741295,0.00411636734506,0.00689724020333,0.998951781971,0.991631799163,0.983277591973,0.989010989011,0.909090909091,0.8,8.981261687
4020,0.000524341723211,0.00411636765981,0.00690596429801,0.998951781971,0.991631799163,0.983277591973,0.989010989011,0.909090909091,0.8,9.000603992
4030,0.000524331363726,0.00411852746846,0.00651762804005,0.998951781971,0.991631799163,0.983277591973,0.989010989011,0.909090909091,0.8,9.02380227
4040,0.000524435874333,0.00403419999394,0.00628946818235,0.998951781971,0.991631799163,0.983277591973,0.989010989011,0.909090909091,0.8,9.043514078
4050,0.000524290576551,0.00413498386084,0.0065950008872,0.998951781971,0.991631799163,0.983277591973,0.989010989011,0.909090909091,0.8,9.065632611
4060,0.000524281677747,0.0041189109376,0.00673297894074,0.998951781971,0.991631799163,0.983277591973,0.989010989011,0.909090909091,0.8,9.091643104
4070,0.000524295322921,0.00411995075774,0.00673063946247,0.998951781971,0.991631799163,0.983277591973,0.989010989011,0.909090909091,0.8,9.112490765
4080,0.000524290630794,0.00412489149276,0.00676885231153,0.998951781971,0.991631799163,0.983277591973,0.989010989011,0.909090909091,0.8,9.132006358
4090,0.000524271085511,0.00415586280247,0.00681425939055,0.998951781971,0.991631799163,0.983277591973,0.989010989011,0.909090909091,0.8,9.157549285
4100,0.00052426834047,0.00412528677484,0.00627366880659,0.998951781971,0.991631799163,0.983277591973,0.989010989011,0.909090909091,0.8,9.177373364
4110,0.000524278705698,0.00410411990282,0.00634455637628,0.998951781971,0.991631799163,0.983277591973,0.989010989011,0.909090909091,0.8,9.200337738
4120,0.000524257307067,0.00409575553578,0.00631324783009,0.998951781971,0.991631799163,0.983277591973,0.989010989011,0.909090909091,0.8,9.222846611
4130,0.000524241973183,0.00416446613559,0.00722559887279,0.998951781971,0.991631799163,0.983277591973,0.989010989011,0.909090909091,0.8,9.243211985
4140,0.000524240550108,0.00413455721275,0.00700804701287,0.998951781971,0.991631799163,0.983277591973,0.989010989011,0.909090909091,0.8,9.263683278
4150,0.000524203541407,0.00401669097885,0.00656819755877,0.998951781971,0.991631799163,0.983277591973,0.989010989011,0.909090909091,0.8,9.286538263
4160,0.000524183843735,0.00412070740871,0.00654742403837,0.998951781971,0.991631799163,0.983277591973,0.989010989011,0.909090909091,0.8,9.307171421
4170,0.000524181487562,0.00411945733643,0.00652763362748,0.998951781971,0.991631799163,0.983277591973,0.989010989011,0.909090909091,0.8,9.329869959
4180,0.000524188940058,0.00412300340338,0.00655387184744,0.998951781971,0.991631799163,0.983277591973,0.989010989011,0.909090909091,0.8,9.360455394
4190,0.000524167585687,0.00413048601414,0.00653285968852,0.998951781971,0.991631799163,0.983277591973,0.989010989011,0.909090909091,0.8,9.381846768
4200,0.000524166992515,0.00413225295866,0.00657380336218,0.998951781971,0.991631799163,0.983277591973,0.989010989011,0.909090909091,0.8,9.404197919
4210,0.000524166068848,0.00413602815653,0.00655416316289,0.998951781971,0.991631799163,0.983277591973,0.989010989011,0.909090909091,0.8,9.426073934
4220,0.000524165397672,0.00417580177466,0.00619465883876,0.998951781971,0.991631799163,0.983277591973,0.989010989011,0.909090909091,0.8,9.446295001
4230,0.000524163928144,0.00416908228662,0.00682533263603,0.998951781971,0.991631799163,0.983277591973,0.989010989011,0.909090909091,0.8,9.471653091
4240,0.000524141643598,0.00417254814019,0.00689805444849,0.998951781971,0.991631799163,0.983277591973,0.989010989011,0.909090909091,0.8,9.493605498
4250,0.000524144755987,0.00417384415222,0.00719265748053,0.998951781971,0.991631799163,0.983277591973,0.989010989011,0.909090909091,0.8,9.514007629
4260,0.000524134451473,0.00418166413863,0.00682899693279,0.998951781971,0.991631799163,0.983277591973,0.989010989011,0.909090909091,0.8,9.543738469
4270,0.00052426738255,0.00418420316931,0.00727588258901,0.998951781971,0.991631799163,0.983277591973,0.989010989011,0.909090909091,0.8,9.564390171
4280,0.000524132637788,0.0041835526935,0.00708254246275,0.998951781971,0.991631799163,0.983277591973,0.989010989011,0.909090909091,0.8,9.585874328
4290,0.000524131609013,0.00418340941428,0.00684753653554,0.998951781971,0.991631799163,0.983277591973,0.989010989011,0.909090909091,0.8,9.617603663
4300,0.000524133382922,0.00418241900086,0.00703679682205,0.998951781971,0.991631799163,0.983277591973,0.989010989011,0.909090909091,0.8,9.63895878
4310,0.000524128850891,0.00418321320295,0.00667142488862,0.998951781971,0.991631799163,0.983277591973,0.989010989011,0.909090909091,0.8,9.659713341
4320,0.000524131532281,0.00418305566569,0.0061408723285,0.998951781971,0.991631799163,0.986622073579,0.989010989011,0.909090909091,0.846153846154,9.686551744
4330,0.000524127708104,0.00418328699529,0.0068033578432,0.998951781971,0.991631799163,0.983277591973,0.989010989011,0.909090909091,0.8,9.707753605
4340,0.000524127542356,0.00418325525059,0.00679331303839,0.998951781971,0.991631799163,0.983277591973,0.989010989011,0.909090909091,0.8,9.728437307
4350,0.000524427914228,0.00418431504613,0.0044147877545,0.998951781971,0.991631799163,0.989966555184,0.989010989011,0.909090909091,0.88,9.755839251
4360,0.000524125657188,0.00418318323893,0.00671539906226,0.998951781971,0.991631799163,0.983277591973,0.989010989011,0.909090909091,0.8,9.776597589
4370,0.000524215891071,0.00416682296239,0.00800395525948,0.998951781971,0.991631799163,0.983277591973,0.989010989011,0.909090909091,0.8,9.796826723
4380,0.000524235794667,0.00418294805475,0.00737876364676,0.998951781971,0.991631799163,0.983277591973,0.989010989011,0.909090909091,0.8,9.823659883
4390,0.000524129415113,0.00418364177645,0.00675842822883,0.998951781971,0.991631799163,0.983277591973,0.989010989011,0.909090909091,0.8,9.847147882
4400,0.000524123814173,0.00418330325601,0.00677484530306,0.998951781971,0.991631799163,0.983277591973,0.989010989011,0.909090909091,0.8,9.868232852
4410,0.000524123033907,0.00418302139162,0.00689274484681,0.998951781971,0.991631799163,0.983277591973,0.989010989011,0.909090909091,0.8,9.892901993
4420,0.000524121317567,0.00418355192536,0.00704259786534,0.998951781971,0.991631799163,0.983277591973,0.989010989011,0.909090909091,0.8,9.917433545
4430,0.000524406887625,0.00418379142749,0.00704593554316,0.998951781971,0.991631799163,0.983277591973,0.989010989011,0.909090909091,0.8,9.938015724
4440,0.000524118612169,0.00418308500897,0.00703645045758,0.998951781971,0.991631799163,0.983277591973,0.989010989011,0.909090909091,0.8,9.958786643
4450,0.000524117756571,0.00418344735076,0.0058916053362,0.998951781971,0.991631799163,0.986622073579,0.989010989011,0.909090909091,0.846153846154,9.98858122
4460,0.00104223110922,0.00418349772456,0.00623538364175,0.997903563941,0.991631799163,0.986622073579,0.977777777778,0.909090909091,0.846153846154,10.010466718
4470,0.000524117671939,0.00418350066487,0.00587966432178,0.998951781971,0.991631799163,0.986622073579,0.989010989011,0.909090909091,0.846153846154,10.031783609
4480,0.000524154200486,0.00418120601968,0.00607454093336,0.998951781971,0.991631799163,0.986622073579,0.989010989011,0.909090909091,0.846153846154,10.064144879
4490,0.000524116668711,0.00418204860412,0.00608365454028,0.998951781971,0.991631799163,0.986622073579,0.989010989011,0.909090909091,0.846153846154,10.092316513
4500,0.000524112335913,0.00418249406702,0.00590819013922,0.998951781971,0.991631799163,0.983277591973,0.989010989011,0.909090909091,0.8,10.117243664
4510,0.000524112527502,0.00418249466059,0.00590200653646,0.998951781971,0.991631799163,0.983277591973,0.989010989011,0.909090909091,0.8,10.138315359
4520,0.000524112075079,0.00418249163118,0.00590440979411,0.998951781971,0.991631799163,0.983277591973,0.989010989011,0.909090909091,0.8,10.164546378
4530,0.000524111418634,0.00418071619742,0.00595591618831,0.998951781971,0.991631799163,0.983277591973,0.989010989011,0.909090909091,0.8,10.187047287
4540,0.000524111392134,0.00418076988402,0.00609254562815,0.998951781971,0.991631799163,0.983277591973,0.989010989011,0.909090909091,0.8,10.208087007
4550,0.000524111412966,0.004180834251,0.00606527168369,0.998951781971,0.991631799163,0.983277591973,0.989010989011,0.909090909091,0.8,10.234349599
4560,0.000524111326061,0.00418114987106,0.00599480977087,0.998951781971,0.991631799163,0.983277591973,0.989010989011,0.909090909091,0.8,10.255574323
4570,0.000524111256052,0.00417891297189,0.0056701302879,0.998951781971,0.991631799163,0.986622073579,0.989010989011,0.909090909091,0.846153846154,10.276235325
4580,0.000524111124671,0.00417925853113,0.00561513211161,0.998951781971,0.991631799163,0.986622073579,0.989010989011,0.909090909091,0.846153846154,10.304381981
4590,0.000524111154684,0.00417884779934,0.00559602039955,0.998951781971,0.991631799163,0.986622073579,0.989010989011,0.909090909091,0.846153846154,10.334543895
4600,0.000524110762919,0.0041814251688,0.00560223888556,0.998951781971,0.991631799163,0.986622073579,0.989010989011,0.909090909091,0.846153846154,10.357130274
4610,0.000524111576764,0.00418300749865,0.0053658548258,0.998951781971,0.991631799163,0.986622073579,0.989010989011,0.909090909091,0.846153846154,10.377611272
4620,0.000524110600733,0.00418365275905,0.00540052150136,0.998951781971,0.991631799163,0.989966555184,0.989010989011,0.909090909091,0.88,10.40619672
4630,0.000524110519735,0.00418312237069,0.00523392732447,0.998951781971,0.991631799163,0.986622073579,0.989010989011,0.909090909091,0.846153846154,10.431630782
4640,0.000524111025552,0.00418329482318,0.00518659307384,0.998951781971,0.991631799163,0.986622073579,0.989010989011,0.909090909091,0.846153846154,10.45441302
4650,0.000524110112435,0.00417892289568,0.00523250796697,0.998951781971,0.991631799163,0.986622073579,0.989010989011,0.909090909091,0.846153846154,10.474612697
4660,0.000524109884939,0.00417051354733,0.00565686668956,0.998951781971,0.991631799163,0.986622073579,0.989010989011,0.909090909091,0.846153846154,10.497912984
4670,0.000524109865673,0.00417597818196,0.005637196314,0.998951781971,0.991631799163,0.986622073579,0.989010989011,0.909090909091,0.846153846154,10.51738387
4680,0.000524109850055,0.0041770086193,0.00564846543241,0.998951781971,0.991631799163,0.986622073579,0.989010989011,0.909090909091,0.846153846154,10.540248307
4690,0.000524109961299,0.00417140459295,0.00569390760489,0.998951781971,0.991631799163,0.986622073579,0.989010989011,0.909090909091,0.846153846154,10.568611457
4700,0.000524109782949,0.00417674518166,0.00566998628596,0.998951781971,0.991631799163,0.986622073579,0.989010989011,0.909090909091,0.846153846154,10.590409278
4710,0.000524109599667,0.00418072165772,0.00568832799363,0.998951781971,0.991631799163,0.986622073579,0.989010989011,0.909090909091,0.846153846154,10.612134721
4720,0.000524109732209,0.00418208785971,0.00581375083841,0.998951781971,0.991631799163,0.986622073579,0.989010989011,0.909090909091,0.846153846154,10.636592365
4730,0.000524109471988,0.004176700252,0.00568443510124,0.998951781971,0.991631799163,0.986622073579,0.989010989011,0.909090909091,0.846153846154,10.656695424
4740,0.000524109888251,0.00418048848511,0.00561415531748,0.998951781971,0.991631799163,0.986622073579,0.989010989011,0.909090909091,0.846153846154,10.679878684
4750,0.000524109406204,0.00417775274355,0.00550385830348,0.998951781971,0.991631799163,0.986622073579,0.989010989011,0.909090909091,0.846153846154,10.703286428
4760,0.000524109405718,0.00417995959194,0.00544166369428,0.998951781971,0.991631799163,0.986622073579,0.989010989011,0.909090909091,0.846153846154,10.722922883
4770,0.000524109423339,0.00417998636747,0.00535085326165,0.998951781971,0.991631799163,0.986622073579,0.989010989011,0.909090909091,0.846153846154,10.74610252
4780,0.000524109395797,0.00418004395713,0.0054273690986,0.998951781971,0.991631799163,0.986622073579,0.989010989011,0.909090909091,0.846153846154,10.775578234
4790,0.000524109374427,0.00418005446577,0.00531740275323,0.998951781971,0.991631799163,0.986622073579,0.989010989011,0.909090909091,0.846153846154,10.795141574
4800,0.000524109348786,0.00417977104679,0.00540979822419,0.998951781971,0.991631799163,0.986622073579,0.989010989011,0.909090909091,0.846153846154,10.821056244
4810,0.000524109377667,0.00418082740368,0.00540718032381,0.998951781971,0.991631799163,0.986622073579,0.989010989011,0.909090909091,0.846153846154,10.854484754
4820,0.000524109318047,0.00417898453216,0.0055918774922,0.998951781971,0.991631799163,0.986622073579,0.989010989011,0.909090909091,0.846153846154,10.886468716
4830,0.000524109337707,0.00417893805513,0.00555741144548,0.998951781971,0.991631799163,0.986622073579,0.989010989011,0.909090909091,0.846153846154,10.907183547
4840,0.000524111976203,0.00418311409954,0.00691513234046,0.998951781971,0.991631799163,0.986622073579,0.989010989011,0.909090909091,0.833333333333,10.926700841
4850,0.000524109298552,0.00417982734667,0.00563804942806,0.998951781971,0.991631799163,0.986622073579,0.989010989011,0.909090909091,0.846153846154,10.950934237
4860,0.000524114891472,0.00417898476675,0.00502147309055,0.998951781971,0.991631799163,0.989966555184,0.989010989011,0.909090909091,0.88,10.971308877
4870,0.000524109402903,0.00416702509406,0.0052816150994,0.998951781971,0.991631799163,0.986622073579,0.989010989011,0.909090909091,0.846153846154,10.992364641
4880,0.000524109200131,0.00417913503579,0.00427905512416,0.998951781971,0.991631799163,0.989966555184,0.989010989011,0.909090909091,0.888888888889,11.016987928
4890,0.000524109161672,0.00417840036388,0.00463113978729,0.998951781971,0.991631799163,0.989966555184,0.989010989011,0.909090909091,0.888888888889,11.036286896
4900,0.000524109392954,0.00418179256922,0.00373136120529,0.998951781971,0.991631799163,0.993311036789,0.989010989011,0.909090909091,0.923076923077,11.056623905
4910,0.000524109138567,0.00417995457572,0.0046223785935,0.998951781971,0.991631799163,0.989966555184,0.989010989011,0.909090909091,0.888888888889,11.076134822
4920,0.00052410914719,0.00417917609573,0.00466027986193,0.998951781971,0.991631799163,0.989966555184,0.989010989011,0.909090909091,0.888888888889,11.098838787
4930,0.000524109135739,0.00418002618514,0.00442150336308,0.998951781971,0.991631799163,0.989966555184,0.989010989011,0.909090909091,0.888888888889,11.127316387
4940,0.000524109119845,0.00417977194188,0.00454000161494,0.998951781971,0.991631799163,0.989966555184,0.989010989011,0.909090909091,0.888888888889,11.149497051
4950,0.000524109111929,0.00418016430057,0.0046378935468,0.998951781971,0.991631799163,0.986622073579,0.989010989011,0.909090909091,0.846153846154,11.170137084
4960,0.000524109103882,0.00417151088112,0.00444982468724,0.998951781971,0.991631799163,0.989966555184,0.989010989011,0.909090909091,0.888888888889,11.199701629
4970,0.000524109102799,0.0041718881996,0.00444830265663,0.998951781971,0.991631799163,0.989966555184,0.989010989011,0.909090909091,0.888888888889,11.220320965
4980,0.000524109284211,0.00417188883388,0.00340569348073,0.998951781971,0.991631799163,0.993311036789,0.989010989011,0.909090909091,0.923076923077,11.243451807
4990,0.000524109095268,0.0041727750576,0.00456719830743,0.998951781971,0.991631799163,0.989966555184,0.989010989011,0.909090909091,0.888888888889,11.267775408
5000,0.000524109097032,0.00417219475273,0.00460986630062,0.998951781971,0.991631799163,0.989966555184,0.989010989011,0.909090909091,0.888888888889,11.28746608
